Year,ISO Code,Countries,Rank,Quartile,EFW,GovSize,LegalSystem,SoundMoney,TradeFreedom,Regulation,PIB/capita,Return,Risk,FDI,Unemployment. total (% of total labor force) (modeled ILO estimate),CPI,STT,PoliticalStab,MCC,LDC
2000,ARG,Argentina,37,2,7.21,7.98,4.68,9.60,7.40,6.38,7.666.52,-0.28,0.29,3.7,15,35,20,0.1,16.1,122
2001,ARG,Argentina,58,2,6.8,8.11,4.33,9.68,6.38,5.53,7.168.98,-0.30,0.49,0.8,17.32,35,20,0.1,12.4,116
2002,ARG,Argentina,78,3,6.32,7.88,4.17,7.27,6.30,5.96,2.579.49,0.53,0.44,2.2,19.59,28,7.1,-0.78,17,110
2003,ARG,Argentina,84,3,6.25,8.04,4.06,6.48,6.51,6.14,3.333.15,0.71,0.29,1.3,15.36,25,8.4,-0.36,27.4,106
2004,ARG,Argentina,78,3,6.39,7.99,4.52,6.91,6.29,6.26,4.258.16,0.25,0.33,2.5,13.52,25,11.2,-0.61,24.7,103
2005,ARG,Argentina,98,3,6.22,7.52,4.62,6.30,6.28,6.39,5.086.63,0.13,0.25,2.6,11.51,28,11,-0.04,23.9,100
2006,ARG,Argentina,106,3,6.15,7.29,4.54,6.47,6.42,6.03,5.890.98,0.29,0.22,2.4,10.08,29,6.6,0,22,101
2007,ARG,Argentina,101,3,6.31,7.13,4.53,7.31,6.52,6.07,7.210.60,0.03,0.22,2.3,8.47,29,8.5,0.1,19.8,106
2008,ARG,Argentina,104,3,6.22,7.00,4.58,6.99,6.54,5.97,8.977.51,-0.69,0.44,2.7,7.84,29,8.4,0.09,11,107
2009,ARG,Argentina,112,4,6.01,6.41,4.61,7.07,6.18,5.80,8.184.39,0.78,0.35,1.2,8.65,29,3.3,-0.23,13.7,101
2010,ARG,Argentina,132,4,5.8,6.59,4.49,6.65,5.89,5.39,10.385.96,0.40,0.24,2.7,7.71,29,4,-0.08,15.1,101
2011,ARG,Argentina,133,4,5.79,6.35,4.43,6.96,5.52,5.70,12.848.74,-0.36,0.30,2,7.18,30,5.6,0.16,8.2,99
2012,ARG,Argentina,143,4,5.29,6.15,4.36,6.61,3.38,5.93,13.082.66,0.15,0.25,2.8,7.22,35,4.3,0.1,6.3,101
2013,ARG,Argentina,150,4,5.11,5.97,4.33,6.27,3.28,5.73,13.080.25,0.64,0.30,1.8,7.1,34,4.2,0.07,9.6,97
2014,ARG,Argentina,157,4,4.73,5.73,4.38,4.83,3.14,5.59,12.334.80,0.46,0.43,1,7.27,34,5.9,-0.01,11.4,95
2015,ARG,Argentina,150,4,5.26,6.05,4.51,6.60,3.38,5.77,13.789.06,0.31,0.37,2,7.524,32,4.8,0.01,9.4,93
2016,ARG,Argentina,148,4,5.62,6.05,4.70,5.63,6.17,5.56,12.790.26,0.40,0.29,0.6,8.109,36,5.3,0.2,11.4,93
2017,ARG,Argentina,136,4,5.93,6.16,4.74,6.49,6.31,5.95,14.613.04,0.54,0.19,1.8,8.35,39,5.4,0.17,16.9,96
2018,ARG,Argentina,136,4,5.89,6.38,4.82,4.92,7.48,5.83,11.795.16,0.02,0.39,2.2,9.22,40,9.9,0.01,8.8,93
2019,ARG,Argentina,154,4,5.44,6.55,4.80,3.88,5.98,5.99,9.963.67,0.31,0.64,1.5,9.84,45,7.6,-0.09,8.8,91
2020,ARG,Argentina,161,4,4.87,6.48,4.80,4.52,3.09,5.49,8.496.43,0.21,0.53,1.2,11.46,42,,-0.08,,
2000,BRA,Brazil,97,4,5.77,6.66,4.67,6.09,5.89,5.54,3.726.81,-0.11,0.33,5,10.53,39,41.6,0.18,34.5,457
2001,BRA,Brazil,98,4,5.74,6.66,4.58,6.25,6.12,5.12,3.142.24,-0.11,0.33,4.1,10.65,40,34.6,0.18,33.3,426
2002,BRA,Brazil,79,3,6.31,7.16,5.32,7.40,6.67,5.03,2.824.72,-0.18,0.33,3.3,10.64,40,31.1,0.33,24.9,396
2003,BRA,Brazil,92,3,6.09,7.03,5.28,6.97,6.54,4.64,3.056.65,0.67,0.24,1.8,11.17,39,30,0,42,367
2004,BRA,Brazil,87,3,6.24,6.98,5.15,7.50,6.66,4.90,3.623.22,0.15,0.28,2.7,10.07,39,34.4,-0.28,49.4,357
2005,BRA,Brazil,92,3,6.44,7.26,5.53,7.70,7.03,4.68,4.773.27,0.25,0.25,1.7,10.55,37,36,-0.26,53.2,342
2006,BRA,Brazil,94,3,6.4,7.04,5.46,7.62,7.33,4.55,5.866.02,0.28,0.24,1.8,9.69,33,39.3,-0.29,64.1,347
2007,BRA,Brazil,93,3,6.42,7.06,5.55,7.60,7.13,4.77,7.323.19,0.36,0.27,3.2,9.28,35,47.1,-0.36,98,395
2008,BRA,Brazil,92,3,6.5,7.31,5.68,7.69,7.05,4.79,8.801.76,-0.53,0.51,3,8.27,35,96.3,-0.31,34.9,383
2009,BRA,Brazil,93,3,6.51,7.26,5.78,7.77,6.97,4.78,8.569.90,0.60,0.31,1.9,9.42,37,52.9,0.16,80.2,377
2010,BRA,Brazil,90,3,6.68,7.47,5.85,7.79,7.04,5.25,11.249.29,0.01,0.20,3.7,8.034,37,58.8,0.01,70,373
2011,BRA,Brazil,94,3,6.66,7.48,5.97,7.78,6.96,5.12,13.200.56,-0.20,0.24,3.9,7.58,37,67.1,-0.13,47,366
2012,BRA,Brazil,94,3,6.66,7.33,5.91,7.92,6.94,5.18,12.327.52,0.07,0.22,3.8,7.25,43,67.8,0.05,49.8,353
2013,BRA,Brazil,103,3,6.52,6.99,5.65,7.94,6.90,5.13,12.258.56,-0.17,0.20,3,07.07,42,72.5,-0.26,41.3,352
2014,BRA,Brazil,109,3,6.43,6.90,5.58,7.94,6.75,4.97,12.071.40,-0.03,0.25,3.6,6.76,43,76.3,-0.07,34.4,351
2015,BRA,Brazil,118,3,6.25,6.80,5.50,7.82,6.61,4.50,8.783.21,-0.14,0.23,3.6,8.56,38,85.6,-0.33,27.2,345
2016,BRA,Brazil,112,3,6.44,6.69,5.48,9.04,6.73,4.28,8.680.74,0.33,0.26,4.1,11.74,40,73.6,-0.38,42.2,338
2017,BRA,Brazil,100,3,6.65,6.76,5.37,9.27,6.96,4.88,9.896.72,0.24,0.19,3.3,12.93,37,67,-0.47,46.3,335
2018,BRA,Brazil,104,3,6.58,6.74,5.19,9.27,6.96,4.76,9.121.02,0.14,0.22,4.1,12.46,35,83.9,-0.44,47.8,334
2019,BRA,Brazil,106,3,6.60,6.83,5.11,9.26,6.99,4.81,8.845.32,0.28,0.18,3.7,12.05,35,87.5,-0.71,63.4,324
2020,BRA,Brazil,114,3,6.33,6.61,5.16,9.25,6.17,4.46,6.923.70,0.03,0.45,2.6,13.93,38,,-0.43,67,345
2000,CHL,Chile,30,1,7.45,7.34,6.23,9.11,7.18,7.39,5.097.11,-0.04,0.16,6.2,10.49,74,9.5,0.49,77.2,260
2001,CHL,Chile,27,1,7.56,7.33,6.31,8.66,8.68,6.82,4.606.89,0.09,0.13,5.9,10.39,75,7.2,0.49,78.7,249
2002,CHL,Chile,27,1,7.68,7.32,6.37,8.77,8.77,7.15,4.479.18,-0.17,0.15,3.6,10.17,75,5.3,01.09,70.9,245
2003,CHL,Chile,21,1,7.81,7.47,6.36,8.93,8.89,7.39,4.824.22,0.40,0.14,5.3,9.77,74,8.7,0.76,113.1,239
2004,CHL,Chile,20,1,7.83,7.57,6.27,9.16,8.77,7.39,6.185.51,0.19,0.12,6.9,10.16,74,11.2,0.69,118,239
2005,CHL,Chile,15,1,7.98,7.59,6.62,9.57,8.59,7.52,7.561.83,0.09,0.12,6.1,9.34,73,15,0.84,111.6,245
2006,CHL,Chile,12,1,7.99,7.65,6.77,9.33,8.72,7.46,9.418.06,0.32,0.12,4.9,09.02,73,15.9,0.61,113.4,244
2007,CHL,Chile,11,1,8.04,8.00,6.89,9.11,8.80,7.42,10.461.37,0.13,0.19,7.8,8.43,70,21.2,0.41,123.4,238
2008,CHL,Chile,11,1,7.98,7.95,6.95,8.85,8.81,7.34,10.783.17,-0.25,0.28,10.3,9.29,69,21.9,0.43,73.4,235
2009,CHL,Chile,10,1,7.94,7.87,6.95,9.33,8.37,7.15,10.182.86,0.41,0.16,8.1,11.31,67,16.1,0.6,134.6,232
2010,CHL,Chile,10,1,8.01,7.97,6.88,9.31,8.28,7.61,12.767.78,0.32,0.11,7.4,8.41,72,16.9,0.68,257.4,227
2011,CHL,Chile,10,1,8.02,8.04,6.85,9.24,8.16,7.79,14.628.57,-0.17,0.22,10.2,7.32,72,19,0.45,107.6,229
2012,CHL,Chile,14,1,7.91,8.05,6.86,9.14,7.98,7.50,15.406.49,0.03,0.09,11.9,6.64,72,14.8,0.33,117.3,225
2013,CHL,Chile,16,1,7.88,8.10,6.83,9.05,7.97,7.44,15.833.28,-0.15,0.14,7.6,6.2,71,15.5,0.36,95.6,227
2014,CHL,Chile,22,1,7.91,8.04,6.85,8.89,8.43,7.32,14.666.34,0.04,0.11,9.8,6.65,73,11.6,0.45,89.9,230
2015,CHL,Chile,21,1,7.92,8.01,6.78,9.39,8.18,7.23,13.569.95,-0.05,0.12,7.3,6.49,70,10.3,0.43,78.5,223
2016,CHL,Chile,23,1,7.92,7.95,6.75,9.45,8.22,7.22,13.785.69,0.12,0.11,4.6,6.73,66,11.3,0.41,85.2,214
2017,CHL,Chile,21,1,7.95,8.06,6.70,9.66,8.25,7.10,15.045.53,0.29,0.14,1.9,6.95,67,12.9,0.42,106.6,212
2018,CHL,Chile,19,1,7.95,8.05,6.68,9.73,8.17,7.14,15.795.71,-0.09,0.11,2.7,7.21,67,17.4,0.43,84.9,205
2019,CHL,Chile,29,1,7.86,7.82,6.62,9.69,8.16,7.03,14.627.15,-0.09,0.17,4.9,7.27,67,18.6,0.01,73.2,203
2020,CHL,Chile,33,1,7.56,7.68,6.68,9.38,7.37,6.67,13.165.39,-0.11,0.35,4.5,11.14,67,21.5,0.07,72.6,194
2000,CHN,China,107,4,5.51,3.59,4.61,8.24,6.12,4.98,959.36,0.42,0.19,3.5,3.26,31,,-0.21,,1086
2001,CHN,China,105,4,5.58,3.60,4.83,8.37,6.44,4.65,1.053.11,-0.23,0.21,3.5,3.8,35,,-0.21,,1154
2002,CHN,China,100,4,5.75,4.51,4.83,8.34,6.24,4.81,1.148.51,-0.19,0.24,3.6,4.24,35,,-0.33,,1223
2003,CHN,China,100,4,5.79,4.53,4.96,8.29,6.22,4.96,1.288.64,0.10,0.18,3.5,4.58,34,75.6,-0.57,30.9,1285
2004,CHN,China,111,4,5.63,4.38,4.87,8.08,6.23,4.61,1.508.67,-0.17,0.20,3.5,4.49,34,114.2,-0.39,22.9,1373
2005,CHN,China,116,4,5.81,4.47,5.02,8.17,6.22,5.20,1.753.41,-0.09,0.21,4.6,4.52,32,97.6,-0.5,17.6,1377
2006,CHN,China,116,4,5.88,4.41,5.18,8.12,6.24,5.43,2.099.22,0.83,0.21,4.5,4.43,33,101.2,-0.54,41.6,1421
2007,CHN,China,110,4,6,4.55,5.45,8.03,6.29,5.66,2.693.96,0.68,0.35,4.4,4.35,35,140.8,-0.5,126.2,1530
2008,CHN,China,112,4,5.98,4.57,5.50,7.98,6.30,5.55,3.468.33,-1.06,0.46,3.7,4.59,36,219.5,-0.49,38.7,1604
2009,CHN,China,110,4,6.04,4.47,5.45,7.99,6.31,5.98,3.832.23,0.59,0.30,2.6,4.72,36,219.2,-0.45,70,1700
2010,CHN,China,122,4,6.02,4.58,5.39,7.89,6.29,5.95,4.550.47,-0.15,0.22,4,4.53,35,205,-0.66,66.2,2063
2011,CHN,China,126,4,6.04,4.90,5.28,7.78,6.22,6.04,5.614.39,-0.24,0.18,3.7,4.55,36,295.6,-0.6,45.2,2342
2012,CHN,China,121,4,6.11,4.98,5.22,7.92,6.30,6.14,6.300.58,0.03,0.17,2.8,4.58,39,136,-0.54,34.3,2494
2013,CHN,China,119,4,6.16,5.01,5.14,8.07,6.33,6.27,7.020.39,-0.07,0.18,3,4.6,40,194.9,-0.54,41.3,2489
2014,CHN,China,121,4,6.21,5.09,5.13,8.20,6.38,6.24,7.636.07,0.42,0.18,2.6,4.63,36,199.2,-0.52,57.3,2613
2015,CHN,China,119,3,6.23,5.14,5.25,8.25,6.29,6.22,8.016.45,0.09,0.38,2.2,4.65,37,480.3,-0.55,74,2827
2016,CHN,China,119,3,6.25,5.04,5.20,8.43,6.36,6.23,8.094.39,-0.13,0.23,1.6,4.56,40,249.9,-0.5,65.2,3052
2017,CHN,China,119,3,6.26,5.00,5.17,8.43,6.52,6.16,8.817.05,0.06,0.09,1.3,4.47,41,197.7,-0.23,70.8,3485
2018,CHN,China,117,3,6.33,5.03,5.17,8.42,6.59,6.42,9.905.41,-0.28,0.20,1.7,4.31,39,206.7,-0.3,45.5,3584
2019,CHN,China,120,3,6.33,5.02,5.15,8.41,6.71,6.33,10.143.86,0.20,0.18,1.3,4.56,41,214.3,-0.26,56.6,3777
2020,CHN,China,116,3,6.27,4.97,5.12,8.44,6.56,6.24,10.408.72,0.13,0.21,1.7,5,42,258.6,-0.33,83.2,4154
2000,DEU,Germany,17,1,7.94,5.83,8.23,9.55,9.44,6.62,23.694.76,-0.08,0.24,12.7,7.92,76,143.8,1.41,65.2,744
2001,DEU,Germany,19,1,7.8,6.04,8.07,9.56,9.33,6.00,23.628.33,-0.22,0.29,2.9,7.77,74,121.4,1.41,55.1,749
2002,DEU,Germany,18,1,7.86,6.06,8.08,9.59,9.36,6.21,25.197.27,-0.54,0.41,2.5,8.48,73,127.1,1.1,33,715
2003,DEU,Germany,18,1,7.91,6.16,8.12,9.59,9.37,6.31,30.310.36,0.29,0.31,2.6,9.78,77,94.3,0.58,43.1,684
2004,DEU,Germany,18,1,7.9,6.41,8.15,9.54,9.01,6.40,34.106.66,0.07,0.16,-0.7,10.73,82,98.9,0.64,42.4,660
2005,DEU,Germany,20,1,7.81,6.46,8.21,9.53,8.38,6.49,34.520.24,0.24,0.12,2.1,11.17,82,107.1,0.89,42.2,648
2006,DEU,Germany,20,1,7.78,6.52,8.21,9.47,8.36,6.36,36.353.88,0.20,0.16,2.9,10.25,80,119.1,01.03,54.7,656
2007,DEU,Germany,26,1,7.74,6.38,8.16,9.50,8.28,6.39,41.640.08,0.20,0.16,1.5,8.66,78,154.6,1,61.5,761
2008,DEU,Germany,26,1,7.7,6.38,8.02,9.51,8.19,6.41,45.612.71,-0.52,0.38,0.8,7.52,79,377.2,0.94,29.7,742
2009,DEU,Germany,17,1,7.78,6.16,8.20,9.53,8.22,6.77,41.650.37,0.21,0.29,1.7,7.74,80,138.3,0.86,37.9,704
2010,DEU,Germany,18,1,7.84,6.19,8.07,9.59,8.19,7.14,41.572.46,0.15,0.18,2.5,6.97,79,104.5,0.8,42.1,690
2011,DEU,Germany,15,1,7.92,6.22,8.06,9.56,8.16,7.61,46.705.90,-0.16,0.29,2.6,5.82,80,132.8,0.84,31.6,670
2012,DEU,Germany,16,1,7.89,6.13,8.06,9.49,8.08,7.71,43.855.85,0.26,0.19,1.9,5.38,79,84.1,0.78,42.1,665
2013,DEU,Germany,15,1,7.92,6.31,7.99,9.59,7.99,7.72,46.298.92,0.23,0.14,1.8,5.23,78,67.8,0.93,51.9,639
2014,DEU,Germany,16,1,7.96,6.29,8.01,9.61,8.34,7.56,48.023.87,0.03,0.17,0.5,4.98,79,73,0.93,44.7,595
2015,DEU,Germany,16,1,8.01,6.23,7.95,9.65,8.21,8.03,41.103.26,0.09,0.24,1.9,4.62,81,84.2,0.7,51.1,555
2016,DEU,Germany,18,1,8,6.21,7.88,9.48,8.30,8.14,42.136.12,0.07,0.21,1.9,4.12,81,74.9,0.68,49.5,531
2017,DEU,Germany,19,1,7.97,6.07,7.85,9.26,8.38,8.29,44.652.59,0.12,0.11,3,3.75,81,63.6,0.59,61.3,450
2018,DEU,Germany,22,1,7.92,6.05,7.71,9.39,8.32,8.12,47.939.28,-0.20,0.16,4.2,3.38,80,92.1,0.59,44.2,465
2019,DEU,Germany,24,1,7.89,6.00,7.71,9.41,8.34,7.99,46.793.69,0.23,0.14,1.9,3.14,80,64.4,0.57,54,470
2020,DEU,Germany,25,1,7.65,5.64,7.75,9.23,7.98,7.66,46.772.83,0.03,0.33,4.1,3.86,80,79.4,0.68,58.7,438
2000,FRA,France,27,1,7.67,4.69,7.05,9.59,9.09,7.93,22.416.43,-0.01,0.23,3,10.22,67,74.7,0.79,105.9,1185
2001,FRA,France,29,1,7.54,4.93,6.91,9.63,8.76,7.45,22.449.34,-0.25,0.26,3.6,8.61,67,83.5,0.79,85.3,936
2002,FRA,France,29,1,7.62,5.02,6.96,9.61,9.13,7.37,24.288.27,-0.41,0.36,3.4,8.7,63,106.8,0.92,64.4,874
2003,FRA,France,29,1,7.61,4.98,6.98,9.59,9.09,7.38,29.627.92,0.15,0.26,2.3,8.31,69,81.3,0.18,73.5,817
2004,FRA,France,33,1,7.61,4.91,7.06,9.61,8.92,7.56,33.797.16,0.07,0.14,1.7,8.91,71,84.9,0.35,73.6,787
2005,FRA,France,33,1,7.57,5.12,7.18,9.58,8.46,7.53,34.768.18,0.21,0.11,3.9,8.49,75,72.3,0.4,80,749
2006,FRA,France,34,1,7.58,5.18,7.43,9.51,8.41,7.35,36.470.21,0.16,0.15,3.4,8.45,74,83,0.6,104.6,730
2007,FRA,France,22,1,7.79,5.90,7.71,9.58,8.44,7.30,41.557.62,0.01,0.17,3.1,7.66,73,105.7,0.56,103,707
2008,FRA,France,21,1,7.74,5.88,7.57,9.54,8.37,7.34,45.515.96,-0.56,0.40,2.3,07.06,69,163.4,0.54,50.2,673
2009,FRA,France,24,1,7.69,5.58,7.62,9.66,8.40,7.21,41.737.76,0.20,0.27,0.7,8.74,69,66,0.51,72.1,652
2010,FRA,France,23,1,7.74,5.56,7.60,9.67,8.32,7.53,40.676.06,-0.02,0.24,1.5,8.87,68,70.6,0.68,72.3,617
2011,FRA,France,31,1,7.64,5.45,7.47,9.63,8.26,7.39,43.846.47,-0.20,0.29,1.5,8.81,70,85.6,0.6,54.2,586
2012,FRA,France,33,1,7.6,5.26,7.47,9.66,8.22,7.40,40.870.85,0.14,0.21,1.2,9.4,71,59.4,0.55,67.4,562
2013,FRA,France,39,1,7.58,5.29,7.44,9.75,8.16,7.25,42.602.72,0.17,0.16,1.1,9.92,71,48,0.45,81.8,500
2014,FRA,France,34,1,7.72,5.29,7.48,9.74,8.67,7.42,43.068.55,-0.01,0.16,0.2,10.29,69,56,0.3,73,495
2015,FRA,France,38,1,7.69,5.33,7.48,9.77,8.44,7.44,36.652.92,0.09,0.23,1.8,10.35,70,63.6,0.11,85.6,490
2016,FRA,France,46,2,7.6,5.34,7.38,9.48,8.41,7.41,37.062.53,0.04,0.21,1.3,10.05,69,,-0.1,87..3,485
2017,FRA,France,46,2,7.6,5.37,7.38,9.28,8.44,7.54,38.781.05,0.09,0.11,1.4,9.41,70,,0.28,105.9,465
2018,FRA,France,50,2,7.53,5.08,7.15,9.36,8.50,7.58,41.557.85,-0.12,0.14,2.8,09.02,72,,0.03,84.8,457
2019,FRA,France,51,2,7.55,5.08,7.15,9.41,8.56,7.56,40.494.90,0.23,0.13,2,8.41,69,,0.3,,470
2020,FRA,France,54,2,7.33,4.92,7.19,9.15,8.21,7.20,39.055.28,-0.07,0.33,0.6,08.01,69,,0.32,,438
2000,HKG,Hong Kong SAR. China,2,1,8.81,8.93,7.20,9.07,9.73,9.10,25.756.77,-0.12,0.31,41.1,4.92,77,59.8,0.94,363.1,779
2001,HKG,Hong Kong SAR. China,1,1,8.83,8.90,7.29,9.33,9.72,8.93,25.230.38,-0.28,0.28,18.5,05.09,79,47.1,0.94,298.1,857
2002,HKG,Hong Kong SAR. China,2,1,8.79,8.56,7.30,9.56,9.62,8.91,24.665.84,-0.20,0.19,4.1,7.28,82,38.6,0.91,278.4,968
2003,HKG,Hong Kong SAR. China,1,1,8.83,8.48,7.30,9.67,9.66,9.02,23.977.17,0.30,0.17,11.5,7.86,71,38.2,0.95,442.8,1027
2004,HKG,Hong Kong SAR. China,1,1,8.88,8.63,7.56,9.80,9.36,9.05,24.928.10,0.12,0.16,13.1,6.74,71,46.9,1.14,509.4,1086
2005,HKG,Hong Kong SAR. China,1,1,9.01,8.88,7.91,9.70,9.61,8.97,26.649.64,0.04,0.11,22.6,5.58,83,39.9,1.34,581,1126
2006,HKG,Hong Kong SAR. China,1,1,9.04,9.04,7.98,9.48,9.59,9.12,28.224.09,0.29,0.14,23.2,4.77,83,44.1,1.19,886.1,1165
2007,HKG,Hong Kong SAR. China,1,1,9.03,9.01,7.96,9.36,9.66,9.16,30.593.95,0.33,0.26,29.4,04.01,83,75.9,1.1,1245.5,1232
2008,HKG,Hong Kong SAR. China,1,1,9.07,9.09,7.94,9.41,9.62,9.28,31.515.53,-0.66,0.52,30.6,3.56,81,118,1.13,606,1251
2009,HKG,Hong Kong SAR. China,1,1,9.1,9.05,8.02,9.63,9.46,9.32,30.697.54,0.42,0.33,25.4,5.26,82,61.3,0.97,1076.9,1308
2010,HKG,Hong Kong SAR. China,1,1,9.1,8.97,7.94,9.65,9.52,9.40,32.550.14,0.05,0.18,36.2,4.33,84,54.9,0.94,1185.9,1396
2011,HKG,Hong Kong SAR. China,1,1,9.06,9.00,7.87,9.52,9.50,9.40,35.142.49,-0.22,0.25,38.7,3.42,84,63.6,0.95,908.6,1472
2012,HKG,Hong Kong SAR. China,1,1,9.01,8.93,7.76,9.49,9.49,9.40,36.730.80,0.21,0.16,28.5,3.29,77,38,01.01,1078.3,1459
2013,HKG,Hong Kong SAR. China,1,1,8.93,8.78,7.75,9.40,9.35,9.39,38.403.78,0.03,0.16,27.9,3.4,75,40.9,0.92,1124.7,1553
2014,HKG,Hong Kong SAR. China,1,1,8.97,8.69,7.82,9.39,9.55,9.41,40.315.37,0.01,0.14,44.6,3.3,74,44.9,1.15,1109.3,1661
2015,HKG,Hong Kong SAR. China,1,1,8.97,8.60,7.95,9.55,9.34,9.39,42.432.16,-0.07,0.20,58.5,3.31,75,65,01.05,1029.4,1770
2016,HKG,Hong Kong SAR. China,1,1,8.97,8.52,7.88,9.58,9.45,9.40,43.734.20,0.00,0.19,41.5,3.39,77,40.9,0.75,995.2,1872
2017,HKG,Hong Kong SAR. China,1,1,8.96,8.57,7.88,9.63,9.46,9.28,46.160.43,0.31,0.11,36.8,3.12,77,43.4,0.83,1274.8,1987
2018,HKG,Hong Kong SAR. China,1,1,9.01,8.59,7.87,9.66,9.49,9.43,48.537.57,-0.15,0.20,26.8,2.81,76,59.4,0.78,1055.8,2161
2019,HKG,Hong Kong SAR. China,1,1,8.87,8.39,7.53,9.61,9.56,9.29,48.359.00,0.09,0.16,16.1,2.92,76,37.2,-0.22,1349.4,2272
2020,HKG,Hong Kong SAR. China,1,1,8.59,8.24,7.50,9.65,8.73,8.84,46.109.23,-0.03,0.23,34,5.81,77,50.1,0.09,1777.2,2353
2000,ISR,Israel,61,2,6.76,5.25,6.18,7.97,8.43,5.99,21.630.57,0.01,0.27,5.9,11.1,66,43,-1.04,49.1,664
2001,ISR,Israel,54,2,6.92,5.20,6.13,9.28,8.51,5.50,20.909.68,-0.10,0.22,1.3,11.81,76,26,-1.04,42.8,648
2002,ISR,Israel,40,2,7.23,5.75,5.96,9.19,9.09,6.18,19.035.00,-0.30,0.21,1.3,12.89,73,27,-1.46,33.7,622
2003,ISR,Israel,41,2,7.31,6.03,5.71,9.54,9.09,6.18,19.627.03,0.47,0.22,2.5,13.51,70,25.4,-1.52,53.4,573
2004,ISR,Israel,41,2,7.32,5.88,5.75,9.62,8.95,6.41,20.557.16,0.17,0.14,2.1,13.03,64,33,-1.32,65.6,573
2005,ISR,Israel,44,2,7.38,6.20,5.94,9.56,8.61,6.57,21.223.94,0.26,0.14,3.3,11.34,63,34.6,-1.25,83.3,579
2006,ISR,Israel,47,2,7.36,6.19,5.86,9.57,8.54,6.65,22.494.60,0.12,0.17,9.1,10.71,59,39.1,-1.26,101.9,601
2007,ISR,Israel,48,2,7.4,6.33,5.70,9.73,8.61,6.63,25.633.75,0.22,0.16,4.8,9.38,61,42.4,-1.25,127.7,643
2008,ISR,Israel,46,2,7.33,6.60,5.50,9.57,8.50,6.47,30.173.18,-0.72,0.32,4.7,7.7,60,89.1,-1.32,48.8,630
2009,ISR,Israel,48,2,7.3,6.38,5.63,9.52,8.60,6.38,28.316.79,0.64,0.25,2.2,9.53,61,42.1,-1.63,89,609
2010,ISR,Israel,40,2,7.51,6.46,5.86,9.49,8.47,7.27,31.266.61,0.14,0.16,2.9,8.48,61,47.6,-1.34,95.5,596
2011,ISR,Israel,43,2,7.49,6.62,5.92,9.46,8.18,7.27,34.354.72,-0.22,0.24,3.2,7.14,58,48.8,-1.2,58.8,576
2012,ISR,Israel,43,2,7.49,6.68,5.78,9.64,8.13,7.24,33.156.23,0.07,0.14,3.4,6.86,60,31.4,-1.08,61.7,532
2013,ISR,Israel,43,2,7.51,6.59,5.67,9.63,8.24,7.40,36.941.84,0.14,0.10,4,6.21,61,27.3,-1.1,68.3,491
2014,ISR,Israel,44,2,7.6,6.56,5.70,9.62,8.56,7.56,38.259.68,0.07,0.09,1.9,5.89,60,23.6,-1.04,63.8,458
2015,ISR,Israel,43,2,7.61,6.50,5.98,9.69,8.39,7.49,36.206.52,0.02,0.14,3.7,5.25,61,23.1,-1.09,80.4,440
2016,ISR,Israel,41,1,7.64,6.53,6.03,9.67,8.46,7.50,37.690.47,-0.03,0.11,3.7,4.8,64,23.4,-0.79,66.4,427
2017,ISR,Israel,41,1,7.66,6.47,6.16,9.74,8.49,7.43,41.114.78,0.06,0.08,4.7,4.22,62,29.9,-0.89,64.5,431
2018,ISR,Israel,43,2,7.64,6.43,6.08,9.81,8.46,7.44,42.406.85,-0.02,0.13,5.7,4,61,33.3,-0.91,49.8,420
2019,ISR,Israel,41,1,7.63,6.43,6.08,9.76,8.43,7.42,44.452.23,0.19,0.11,4.3,3.8,60,28.8,-0.79,59,414
2020,ISR,Israel,49,2,7.35,6.26,6.12,9.64,7.61,7.14,44.846.79,-0.03,0.28,5.6,4.33,60,39.9,-0.85,63.4,426
2000,JPN,Japan,14,1,8.06,6.43,7.88,9.80,8.68,7.52,39.169.36,-0.32,0.22,0.2,4.75,64,78.6,1.2,63.5,2055
2001,JPN,Japan,17,1,7.86,6.40,7.51,9.71,8.61,7.10,34.406.17,-0.27,0.28,0.1,05.02,71,75.2,1,51.8,2103
2002,JPN,Japan,15,1,7.88,6.07,7.53,9.70,8.58,7.49,32.820.79,-0.21,0.26,0.3,5.39,71,83.7,1.18,49.5,2119
2003,JPN,Japan,12,1,8.05,6.44,7.76,9.76,8.82,7.47,35.387.05,0.22,0.22,0.2,5.25,70,78.8,01.03,65.3,2174
2004,JPN,Japan,14,1,8.04,6.29,7.57,9.74,8.73,7.85,38.298.98,0.07,0.18,0.2,4.73,69,97.2,01.03,72.7,2276
2005,JPN,Japan,12,1,8.05,6.38,7.76,9.92,7.96,8.21,37.812.89,0.34,0.13,0.1,4.45,73,94.9,01.04,94.6,2323
2006,JPN,Japan,12,1,7.99,6.45,7.80,9.90,7.59,8.23,35.991.54,0.07,0.20,-0.1,4.19,76,119.2,1.14,100.3,2391
2007,JPN,Japan,12,1,8,6.46,7.82,9.89,7.67,8.15,35.779.02,-0.12,0.18,0.5,3.89,75,152.1,01.01,94.6,2389
2008,JPN,Japan,13,1,7.9,6.43,7.68,9.84,7.54,8.00,39.876.31,-0.55,0.46,0.5,4,73,199.3,0.89,61,2374
2009,JPN,Japan,16,1,7.8,6.07,7.58,9.91,7.70,7.75,41.309.00,0.17,0.27,0.2,05.07,77,117,0.98,62.5,2320
2010,JPN,Japan,16,1,7.85,6.01,7.58,9.90,7.72,8.01,44.968.16,-0.03,0.21,0.1,5.1,78,111.6,0.88,66.5,2281
2011,JPN,Japan,23,1,7.77,6.07,7.51,9.88,7.45,7.93,48.760.08,-0.19,0.24,-0.01,4.55,80,129.6,1,53.4,2280
2012,JPN,Japan,22,1,7.84,6.09,7.55,9.88,7.69,7.99,49.145.28,0.21,0.16,0,4.36,74,96.2,0.95,55.5,2294
2013,JPN,Japan,19,1,7.86,5.85,7.63,9.84,8.02,7.96,40.898.65,0.45,0.27,0.2,04.04,74,133.9,01.02,87.2,3408
2014,JPN,Japan,26,1,7.85,5.93,7.71,9.61,8.17,7.80,38.475.40,0.07,0.20,0.4,3.59,76,110.7,0.97,89.4,3458
2015,JPN,Japan,21,1,7.92,5.67,7.71,9.68,8.32,8.22,34.960.64,0.09,0.21,0.1,3.39,75,113.8,01.07,110.1,3504
2016,JPN,Japan,20,1,7.95,5.77,7.63,9.74,8.37,8.24,39.375.47,0.00,0.27,0.8,3.13,72,105.4,0.98,99,3535
2017,JPN,Japan,19,1,7.97,5.80,7.60,9.75,8.40,8.32,38.834.05,0.17,0.12,0.4,2.82,73,92.8,1.11,126.2,3598
2018,JPN,Japan,18,1,7.98,5.80,7.66,9.78,8.28,8.36,39.751.13,-0.13,0.19,0.5,2.47,73,119,01.05,105.1,3652
2019,JPN,Japan,19,1,7.97,5.75,7.67,9.81,8.32,8.34,40.415.96,0.17,0.14,0.8,2.35,73,82.3,01.03,121,3704
2020,JPN,Japan,12,1,7.82,5.65,7.71,9.82,7.78,8.12,39.986.93,0.15,0.26,1.2,2.8,74,94.3,01.04,133.1,3754
2000,KOR,Korea. Rep.,54,2,6.9,7.20,6.15,7.70,6.84,6.59,12.256.99,-0.71,0.45,2,04.06,40,289.2,0.4,29.7,1242
2001,KOR,Korea. Rep.,48,2,7.03,7.14,6.29,8.25,7.17,6.31,11.561.25,0.32,0.35,1.2,3.7,42,159.9,0.4,42.7,1390
2002,KOR,Korea. Rep.,47,2,7.15,7.31,6.30,8.46,7.14,6.54,13.165.07,-0.10,0.32,0.9,03.05,45,231.7,0.24,40,1512
2003,KOR,Korea. Rep.,47,2,7.16,7.17,6.26,8.71,7.08,6.55,14.672.86,0.26,0.26,1,3.35,43,138.8,0.25,46.9,1558
2004,KOR,Korea. Rep.,46,2,7.26,6.96,6.27,9.01,7.16,6.92,16.496.12,0.10,0.24,1.7,3.42,45,122.8,0.43,54,1570
2005,KOR,Korea. Rep.,36,2,7.52,7.10,6.63,9.61,7.07,7.17,19.402.50,0.43,0.17,1.5,3.48,50,167.1,0.49,76.8,1616
2006,KOR,Korea. Rep.,29,1,7.65,7.12,6.93,9.63,7.31,7.27,21.743.48,0.04,0.18,0.9,3.25,51,160.5,0.42,79.2,1689
2007,KOR,Korea. Rep.,32,1,7.65,7.42,6.80,9.61,7.45,6.99,24.086.41,0.28,0.23,0.8,03.01,51,170.8,0.57,95.7,1755
2008,KOR,Korea. Rep.,37,2,7.49,7.35,6.46,9.42,7.39,6.81,21.350.43,-0.52,0.39,1.1,2.96,56,252.2,0.42,45,1789
2009,KOR,Korea. Rep.,38,2,7.47,7.05,6.37,9.42,7.59,6.95,19.143.85,0.40,0.25,1,3.36,54,201.9,0.41,88.4,1778
2010,KOR,Korea. Rep.,31,1,7.6,7.28,6.33,9.49,7.63,7.30,23.087.23,0.20,0.15,0.8,3.32,54,149.3,0.33,95.4,1781
2011,KOR,Korea. Rep.,31,1,7.64,7.31,6.39,9.54,7.65,7.33,25.096.26,-0.12,0.27,0.8,2.99,55,194.2,0.41,79.5,1799
2012,KOR,Korea. Rep.,31,1,7.63,7.10,6.27,9.68,7.69,7.43,25.466.76,0.09,0.15,0.7,2.81,56,134.4,0.27,92.3,1767
2013,KOR,Korea. Rep.,39,1,7.58,7.04,6.15,9.75,7.62,7.35,27.182.73,0.01,0.12,0.9,2.75,55,107.7,0.28,90.1,1798
2014,KOR,Korea. Rep.,40,1,7.65,7.00,6.30,9.73,7.78,7.45,29.249.58,-0.05,0.10,0.6,03.08,55,105.8,0.11,81.7,1849
2015,KOR,Korea. Rep.,41,2,7.66,6.93,6.50,9.78,7.69,7.40,28.732.23,0.02,0.13,0.3,3.55,56,149.8,0.16,84,1948
2016,KOR,Korea. Rep.,39,1,7.7,6.92,6.50,9.73,7.95,7.43,29.288.87,0.03,0.12,0.8,3.65,53,126.1,0.16,83.6,2039
2017,KOR,Korea. Rep.,35,1,7.76,6.99,6.59,9.67,7.97,7.57,31.616.84,0.20,0.09,1.1,3.65,54,112.4,0.39,109.1,2114
2018,KOR,Korea. Rep.,40,1,7.69,6.70,6.58,9.71,7.99,7.47,33.436.92,-0.19,0.14,0.7,3.82,57,173.7,0.64,82,2186
2019,KOR,Korea. Rep.,44,2,7.62,6.43,6.60,9.70,7.99,7.39,31.902.42,0.07,0.12,0.6,3.75,59,129.8,0.55,89.9,2262
2020,KOR,Korea. Rep.,43,2,7.42,6.34,6.65,9.65,7.16,7.32,31.721.30,0.27,0.28,0.5,3.93,61,238.5,0.57,132.3,2318
2000,MEX,Mexico,65,3,6.66,7.58,4.84,6.91,7.30,6.69,7.232.91,-0.23,0.35,2.6,2.65,33,35.7,-0.2,17.7,175
2001,MEX,Mexico,65,3,6.69,7.74,4.70,7.62,7.17,6.21,7.613.14,0.12,0.25,4,2.63,37,42,-0.2,16.7,167
2002,MEX,Mexico,60,2,6.82,7.71,4.83,7.81,7.03,6.70,7.650.93,-0.04,0.22,2.6,3,36,24.5,-0.06,13.5,163
2003,MEX,Mexico,64,2,6.81,7.54,4.76,7.97,7.03,6.73,7.120.37,0.36,0.14,2.5,3.46,36,18.8,-0.12,16.8,158
2004,MEX,Mexico,65,2,6.89,7.48,4.94,7.99,7.18,6.84,7.525.49,0.38,0.15,3.2,3.94,36,25.8,-0.21,21.9,151
2005,MEX,Mexico,68,2,6.96,7.34,5.36,8.21,7.20,6.71,8.321.86,0.32,0.17,2.9,3.56,35,22.8,-0.45,27.3,150
2006,MEX,Mexico,71,2,6.95,7.35,5.31,8.18,7.12,6.78,9.125.39,0.40,0.23,2.3,3.57,33,23.5,-0.64,35.7,132
2007,MEX,Mexico,72,3,6.88,7.44,5.16,8.13,6.98,6.67,9.719.93,0.11,0.22,2.9,3.63,35,29.6,-0.73,37.8,125
2008,MEX,Mexico,72,3,6.88,7.43,5.16,8.16,7.00,6.64,10.119.82,-0.28,0.35,2.7,3.87,36,36.3,-0.8,21.1,125
2009,MEX,Mexico,76,3,6.81,7.14,5.04,8.10,7.05,6.71,8.104.92,0.36,0.27,2.2,5.36,33,22,-0.69,39.1,125
2010,MEX,Mexico,78,3,6.93,7.55,5.04,8.12,7.00,6.93,9.399.96,0.17,0.14,2.9,5.3,31,24.5,-0.73,43,130
2011,MEX,Mexico,81,3,6.89,7.39,5.04,8.17,7.05,6.78,10.341.50,-0.03,0.19,2,5.17,29,24.4,-0.67,34.6,128
2012,MEX,Mexico,80,3,6.95,7.58,4.96,8.12,7.07,7.03,10.376.09,0.16,0.11,1.5,4.89,34,22.8,-0.66,43.7,131
2013,MEX,Mexico,82,3,6.98,7.61,4.91,8.13,7.17,7.11,10.865.69,-0.02,0.15,4,4.91,34,31.1,-0.71,41.3,138
2014,MEX,Mexico,78,2,7.1,8.11,4.87,8.11,7.57,6.84,11.076.13,0.00,0.13,2.2,4.81,35,26.7,-0.85,36.5,141
2015,MEX,Mexico,70,2,7.15,8.30,4.79,8.13,7.55,7.01,9.753.40,0.00,0.14,3.1,4.31,35,25.8,-0.8,34.3,136
2016,MEX,Mexico,79,2,7.07,8.37,4.69,8.12,7.26,6.90,8.875.08,0.06,0.14,3.6,3.86,30,28.2,-0.63,32.5,137
2017,MEX,Mexico,75,2,7.12,8.36,4.78,7.89,7.61,6.98,9.434.38,0.08,0.10,2.9,3.42,29,23.1,-0.8,36,141
2018,MEX,Mexico,75,2,7.17,8.26,4.74,8.13,7.63,7.10,9.857.01,-0.17,0.17,3.1,3.27,28,24.4,-0.65,31.5,140
2019,MEX,Mexico,75,2,7.20,8.25,4.69,8.23,7.71,7.10,10.145.15,0.04,0.13,2.4,3.48,29,20.5,-0.84,32.6,139
2020,MEX,Mexico,64,2,7.12,8.08,4.72,8.16,7.65,7.00,8.655.00,0.01,0.25,2.9,4.45,31,20.7,-0.86,36.6,140
2000,THA,Thailand,73,3,6.48,6.88,5.84,6.74,6.63,6.33,2.004.11,-0.58,0.30,2.7,2.39,32,66.2,0.45,23.1,381
2001,THA,Thailand,71,3,6.49,7.08,5.87,6.74,6.68,6.09,1.889.97,0.12,0.31,4.2,2.6,32,86.4,0.51,29.9,382
2002,THA,Thailand,71,3,6.6,7.03,5.94,6.87,6.66,6.51,2.091.18,0.16,0.20,2.5,1.82,32,90.7,0.51,33.9,398
2003,THA,Thailand,70,3,6.64,7.33,5.68,7.00,6.60,6.62,2.350.85,0.77,0.19,3.4,1.54,33,87.8,-0.15,78.2,419
2004,THA,Thailand,74,3,6.71,7.55,5.63,7.09,6.52,6.78,2.647.26,-0.14,0.24,3.4,1.51,36,101.3,-0.72,66.7,463
2005,THA,Thailand,76,3,6.63,7.19,5.75,7.03,6.26,6.93,2.876.25,0.07,0.14,4.3,1.35,38,72.5,-0.87,65.4,504
2006,THA,Thailand,79,3,6.74,7.55,5.64,6.96,6.46,7.09,3.343.79,-0.05,0.25,4,1.22,36,69.2,-1.13,63.2,518
2007,THA,Thailand,82,3,6.72,7.31,5.66,7.20,6.40,7.04,3.934.69,0.23,0.19,3.3,1.18,33,57.2,-1.11,75,523
2008,THA,Thailand,80,3,6.75,7.45,5.55,7.06,6.62,7.08,4.327.80,-0.65,0.34,2.9,1.18,35,102.8,-1.27,35.4,525
2009,THA,Thailand,86,3,6.64,7.15,5.33,7.21,6.50,7.01,4.154.19,0.49,0.25,2.3,1.49,34,71.6,-1.42,62.8,535
2010,THA,Thailand,97,3,6.58,7.20,5.08,7.10,6.43,7.10,4.996.37,0.34,0.17,4.3,0.62,32,80.1,-1.44,81.4,541
2011,THA,Thailand,98,3,6.55,7.30,4.93,6.99,6.45,7.08,5.396.64,-0.01,0.22,0.7,0.66,33,80.2,-1.13,72.4,545
2012,THA,Thailand,101,3,6.55,7.34,4.87,6.97,6.49,7.07,5.748.63,0.31,0.13,3.2,0.58,37,61.3,-1.22,98,558
2013,THA,Thailand,104,3,6.49,7.29,4.80,6.98,6.34,7.06,6.041.13,-0.07,0.20,3.8,0.25,35,98.7,-1.31,84.3,584
2014,THA,Thailand,104,3,6.54,7.36,4.73,7.02,6.69,6.91,5.822.38,0.14,0.13,1.2,0.58,38,72.2,-0.91,105.7,613
2015,THA,Thailand,88,3,6.8,6.89,5.08,8.41,6.68,6.93,5.708.79,-0.15,0.14,2.2,0.6,38,77.8,-0.99,86.9,639
2016,THA,Thailand,89,3,6.81,6.81,4.98,8.59,6.71,6.96,5.854.46,0.18,0.14,0.8,0.69,35,80.9,-0.99,104.7,656
2017,THA,Thailand,88,3,6.78,7.07,4.91,8.57,6.84,6.52,6.436.79,0.13,0.06,1.8,0.83,37,61.9,-0.75,120.3,688
2018,THA,Thailand,88,3,6.86,7.09,4.90,8.59,6.82,6.92,7.124.56,-0.11,0.12,2.7,0.77,36,77.2,-0.8,98.8,704
2019,THA,Thailand,88,3,6.91,7.13,4.92,8.58,7.03,6.88,7.628.58,0.01,0.09,1,0.72,36,64.5,-0.48,104.6,725
2020,THA,Thailand,86,3,6.78,6.91,4.96,9.78,6.47,5.80,7.001.79,-0.09,0.30,-1,1.1,36,88.6,-0.58,108.5,743
2000,TUR,Turkey,104,4,5.61,7.22,5.05,3.57,6.62,5.60,4.278.27,-0.48,0.59,0.4,6.5,38,238.1,-0.8,25.4,315
2001,TUR,Turkey,108,4,5.44,7.02,5.00,3.59,6.53,5.07,3.100.46,0.38,0.64,1.7,8.38,36,135.7,-0.8,24,310
2002,TUR,Turkey,100,4,5.75,7.36,5.44,4.06,6.59,5.31,3.640.76,-0.28,0.43,0.5,10.36,32,188.6,-0.8,15,288
2003,TUR,Turkey,94,3,6.04,7.79,5.48,4.88,6.67,5.37,4.704.77,0.59,0.40,0.5,10.54,31,143.5,-0.77,21.7,244
2004,TUR,Turkey,93,3,6.13,8.09,5.73,5.05,6.59,5.18,6.031.79,0.29,0.27,0.7,10.84,32,149.1,-0.83,24,253
2005,TUR,Turkey,95,3,6.35,8.19,5.97,4.94,6.97,5.71,7.369.43,0.47,0.24,2,10.64,35,124.8,-0.6,31.6,257
2006,TUR,Turkey,96,3,6.39,7.85,5.82,5.57,7.03,5.68,8.003.81,-0.02,0.29,3.6,8.72,38,140.8,-0.59,28.9,259
2007,TUR,Turkey,91,3,6.52,7.82,5.39,6.54,6.97,5.85,9.668.40,0.35,0.28,3.2,8.87,41,114.2,-0.82,41.8,259
2008,TUR,Turkey,65,2,6.97,7.60,5.40,8.46,7.19,6.20,10.802.60,-0.73,0.44,2.6,9.71,46,188.2,-0.82,15.3,250
2009,TUR,Turkey,70,2,6.9,7.10,5.39,8.78,7.30,5.95,8.989.74,0.68,0.29,1.3,12.55,44,135,-1.03,35.7,248
2010,TUR,Turkey,74,2,6.97,7.28,5.22,8.80,7.24,6.32,10.614.98,0.22,0.23,1.2,10.66,44,133.3,-0.92,38.9,263
2011,TUR,Turkey,67,2,7.1,7.53,5.32,8.96,7.13,6.58,11.308.37,-0.25,0.26,1.9,8.8,42,183.2,-0.96,23.5,263
2012,TUR,Turkey,68,2,7.1,7.46,5.30,8.95,7.15,6.63,11.697.47,0.42,0.17,1.6,8.15,49,113.9,-1.22,35.8,242
2013,TUR,Turkey,79,2,7,7.25,5.09,9.03,7.10,6.50,12.507.80,-0.14,0.30,1.4,8.73,50,191.2,-1.25,20.4,235
2014,TUR,Turkey,84,3,6.98,7.25,4.90,9.03,7.17,6.56,12.020.35,0.23,0.20,1.4,9.88,45,168.2,-1.09,23.4,226
2015,TUR,Turkey,79,2,6.99,7.31,5.00,9.08,7.12,6.44,10.851.92,-0.18,0.22,2.2,10.24,42,185.2,-1.49,21.9,392
2016,TUR,Turkey,85,3,6.97,7.23,4.94,9.02,7.10,6.56,10.734.26,0.09,0.21,1.6,10.84,41,168.6,-2.01,19.8,380
2017,TUR,Turkey,94,3,6.7,7.26,4.72,8.84,7.16,5.51,10.464.01,0.39,0.16,1.3,10.82,40,165.8,-1.79,26.5,374
2018,TUR,Turkey,100,3,6.66,7.03,4.77,8.35,7.17,5.98,9.400.84,-0.23,0.22,1.6,10.89,41,247.8,-1.32,19.2,377
2019,TUR,Turkey,111,3,6.49,6.53,4.85,8.26,6.98,5.82,9.103.01,0.23,0.21,1.3,13.67,39,187.9,-1.37,24.3,378
2020,TUR,Turkey,112,3,6.48,6.52,4.84,8.27,6.92,5.88,8.561.06,0.26,0.26,1.1,13.11,40,365.8,-1.14,33,371
2000,USA,United States,3,1,8.7,7.71,8.77,9.61,8.81,8.60,36.329.96,-0.11,0.22,3.4,3.99,78,197.1,01.08,147.4,6917
2001,USA,United States,3,1,8.56,7.52,8.62,9.61,8.73,8.33,37.133.62,-0.14,0.22,1.6,4.73,76,149.3,01.08,132.1,6177
2002,USA,United States,4,1,8.61,7.67,8.37,9.72,8.63,8.67,37.997.76,-0.27,0.26,1,5.78,77,154.3,0.29,101.1,5685
2003,USA,United States,4,1,8.61,7.87,8.26,9.74,8.67,8.52,39.490.27,0.23,0.17,1,5.99,75,112.5,0.08,124.5,5295
2004,USA,United States,4,1,8.7,8.07,8.14,9.75,8.71,8.79,41.724.63,0.09,0.11,1.7,5.53,75,117,-0.23,133.6,5226
2005,USA,United States,3,1,8.51,7.89,7.94,9.70,8.29,8.74,44.123.41,0.03,0.10,1.1,05.08,76,151.7,-0.06,130.4,5145
2006,USA,United States,4,1,8.51,7.87,7.87,9.65,8.31,8.86,46.302.00,0.13,0.10,2.2,4.62,73,156.3,0.49,141.6,5133
2007,USA,United States,4,1,8.53,7.83,7.98,9.61,8.33,8.94,48.050.22,0.03,0.16,2.4,4.62,72,215.1,0.37,137.6,5109
2008,USA,United States,5,1,8.33,7.28,7.91,9.51,8.27,8.69,48.570.05,-0.49,0.41,2.3,5.78,73,407.6,0.58,78.5,4666
2009,USA,United States,8,1,8.05,6.65,7.70,9.63,8.03,8.26,47.194.94,0.21,0.27,1.1,9.25,75,227.5,0.45,104.1,4401
2010,USA,United States,5,1,8.14,7.03,7.65,9.68,8.02,8.34,48.650.64,0.12,0.18,1.8,9.63,71,208.4,0.44,114.8,4279
2011,USA,United States,5,1,8.16,7.20,7.49,9.68,8.01,8.42,50.065.97,0.00,0.23,1.7,8.95,71,262.4,0.59,100.3,4171
2012,USA,United States,5,1,8.26,7.40,7.57,9.78,7.99,8.57,51.784.42,0.13,0.13,1.5,08.07,73,173.3,0.63,114.9,4102
2013,USA,United States,5,1,8.23,7.02,7.59,9.82,7.96,8.74,53.291.13,0.26,0.11,1.7,7.37,73,138.3,0.64,142.7,4180
2014,USA,United States,7,1,8.25,7.24,7.65,9.74,7.84,8.79,55.123.85,0.11,0.11,1.4,6.17,74,148,0.58,150,4369
2015,USA,United States,6,1,8.31,7.24,7.75,9.86,7.81,8.89,56.762.73,-0.01,0.16,2.8,5.28,76,165.1,0.68,137.7,4381
2016,USA,United States,5,1,8.34,7.25,7.79,9.81,7.89,8.95,57.866.74,0.09,0.13,2.5,4.87,74,94.7,0.4,146.3,4331
2017,USA,United States,5,1,8.38,7.36,7.80,9.77,7.92,9.03,59.907.75,0.18,0.07,2,4.36,75,116.1,0.29,164.9,4336
2018,USA,United States,6,1,8.28,7.41,7.65,9.77,7.78,8.79,62.823.31,-0.06,0.17,1,3.9,71,108.5,0.42,148.2,4397
2019,USA,United States,5,1,8.25,7.32,7.64,9.75,7.83,8.68,65.120.39,0.25,0.12,1.5,3.67,69,,0.13,158.5,4266
2020,USA,United States,7,1,7.97,6.79,7.56,9.63,7.77,8.11,63.528.63,0.15,0.35,0.7,8.05,67,,0.03,193.3,